"seid","page","zaglbg","zaglen","annbg","annen","textbg","texten","active"
"2","pr-1478","Чаровната снежанка | Карнавални костюми под наем | Карнавал за теб","Snow White | Carnival for you | Carnival costumes and accessories for rent","Рокля, брошка и диадема.","Dress, brooch and headband.","","","1"
"3","cn-9","Временни татуировки","Temporary tattoo","Изработка на временни татуировки с къна","Temporary tattoo","","","1"
"4","tt-4","Детски карнавални костюми за момичета под наем","Carnival Costumes for girls","Детски карнавални костюми на всякаква тематика - приказни и филмови герои, пиратки, страшни карнавални костюми за хелоуин, принцеси, Елза, Калинката и много други за под наем карнавални костюми за момичета","Carnival Costumes for girls","","","1"
"5","tt-17","Детски карнавални костюми за момчета под наем","Carnival Costumes for boys","Детски карнавални костюми на всякаква тематика - приказни и филмови герои, пирати, страшни карнавални костюми за хелоуин Halloween, супергерои, карнавални костюми за малки и големи","Carnival Costumes for boys, super heros, batman, superman, pirates, 
","","","1"
"7","tt-2","Дамски карнавални костюми под наем София","Carnival Costumes for women","В carnivalforyou.com има огромно разнообразие от дамски карнавални костюми за жени, приказни герои, принцеси, супергърл, жената чудо, жената котка, страшни костюми за Хелоуин (Halloween)","","","","1"
"8","tt-3","Мъжки костюми под наем софия, огромно разнообразие, добри цени","Carnival Costumes for men","в carnivalforyou.com можете да намерите огромно разнообразие от карнавални костюми за мъже за всяко парти, рожден ден или Хелоуин (Halloween). Пирати, вампири, филмови и приказни герои и много други карнавални костюми за вас.","description en","","","1"
"9","tt-15","официални костюми под наем, фракове, смокинги","men evening costumes","В  Карнавал за теб можете да намерите огромно рязнообразие от официални мъжки костюми под наем, всякакави размери и модели, смокинг или фрак също","description en","","","1"
"10","pr-1866","Карнавален костюм Рокерът скелет","DEAD MAN ROCKIN","Искате ли да бъдете нестандартни, интересни и страшни, ако да това е вашия костюм! Карнавалният костюм съдържа: маска с перчем, горно с изпринтени кости, рокерско елече, значки и ръкавица, не са включени панталонът и китарата.","This Halloween, jam your way through the Underworld in the Dead Man Rockin Costume.","","","1"
"11","pr-1867","Карнавален костюм - Зловещото чудовище от дълбините","SWAMP MONSTER/CHILD","Детски, карнавален костюм за момчета, много подходящ за страшно парти или Хелоуин","Costume Comes With A Tattered Textured Shirt With An Attached Hood
A Mask And A Pair Of Tattered Textured Pants
Shoes Not Included","","","1"
"12","pr-1868","Порцелановата кукла - карнавален костюм","VICTORIAN DOLL - carnival costume","Красив, детски, луксозен костюм за момичета за различни поводи, състои се от: рокля, елегантно наметало, клин с щампа на коленете, ръкавели с дантела и ефектна шапчица.","  Dress with black velvet bodice and satiny burgundy fabric with black lace overlay down the front of dress, black ribbon criss-cross design at front, attached layers of black sheer fabric to create a outer petticoat, attached sleeves with elbow pad design, lace glovelettes, velvet capelet with burgundy bow and ruffled edges, leggings with knee pad print and velvet mini hat on headband with burgundy bow.","","","1"
"13","pr-1869","Тъмното зомби делукс - карнавални костюми за момчета","DELUXE GHOUL ROBE/CHILD","Ако искате да сте страшен и атрактивен, това е вашия карнавален костюм, състои се от разкъсана роба в сиво-черно с качулка. Може да се добави грим и изкуствена кръв.","carnival costume for boys Included:
Robe with attached cowl hood","","","1"
"14","pr-1870","Готината шапкарка - карнавални костюми за момичета","DELUXE MAD HATTER","Детски карнавален костюм за момичета, подходящ за парти, хелоуин или рожден ден","carnival costumes for girls","","","1"
"15","pg-1","Над 1500 карнавални костюми под наем, София","carnival costumes for rent","Предлагаме огромно разнообразие на карнавални, маскарадни, бални костюми под наем в София, имаме мъжки, дамски, карнавални костюми, детски за момичета и момчета, също така маски, гримове, шапки, оръжия и всичко необходимо за едно уникално парти.","carnival costumes for rent","","","1"
"16","cn-17","професионален гримьор в София","make-up artist"," Предлагаме вечерен,дневен, карнавален или сценичен грим, избора е ваш!"," ","","","1"
"17","cn-6","Halloween, Хелоуин - всичко за този празник е при нас","Halloween","предлахаме ви уникални костюми за Хелоуин, срташни зомбита, разпадащи се чудовища, вещици, призраци, демони и вампирки, избора е ваш!","carnival costumes for Halloween","","","1"
"18","pg-5","карнавални костюми под наем","carnival costumes for rent","дамски карнавални костюми, мъжки, карнавални костюми, детски, карнавални костюми, маски, шапки, перуки"," all for your party","","","1"
"19","pg-0","Уникални карнавални костюми под наем","Carnival costumes for rent","над 1500 уникални карнавални костюми под наем за момичета и момчета,костюми за Хелоуин, дамски, секси костюми, мъжки карнавални костюми, карнавални аксесоари, карнавални маски! Всичко за вашето парти","carnival costumes for rent","","","1"
