"tid","zaglbg","zaglen","mname","active","prior"
"4","Детски карнавални костюми под наем за момичета","Carnival Costumes for girls","123momishe.jpg","1","1"
"2","Дамски карнавални костюми под наем","Female Carnival Costumes for rent","woman.jpg","1","4"
"3","Мъжки карнавални костюми под наем","Male Carnival Cosrumes for rent","MEN2.jpg","1","5"
"5","Карнавални маски под наем","Canival masks for rent","maski.jpg","0","9"
"6","Карнавални шапки под наем","Carnival hats","shapki.jpg","0","10"
"7","Перуки под наем","Wigs for rent","peruki.jpg","0","11"
"8","Аксесоари","Аccessories","aksesoari.jpg","0","12"
"9","За домашните любимци","Pets","doml.jpg","1","16"
"10","Украса за парти","Party decoration","Untitled-1.jpg","1","8"
"12","Нашите тематични партита","Carnival Parties","Untitled-10.jpg","1","15"
"13","Интересни подаръци","gifts","podaryci.jpg","0","13"
"14","Изработка по поръчка на карнавален, сценичен или промоутърски костюм ","Order","1234.jpg","0","17"
"15","Мъжки официални костюми под наем","Men&#039;&#039;s Costumes for rent","mkostum2345.jpg","1","7"
"16","Нашата Карнавална Къща","Our Carnival House","22.jpg","1","14"
"17","Детски карнавални костюми под наем за момчета"," carnival costumes for boys","momcheta.jpg","1","2"
"18","Карнавални продукти за закупуване","Carnival productes for sale","unk.jpg","1","6"
"19","Карнавални костюми за деца под наем 0 -3 години","Carnival costumes for kids (0-3 years)","0do3.jpg","1","3"
"21","x","x","loading_180.gif","0","18"
